Symbol, Revenues 2022, Revenues 2021, Revenues 2020, Revenues 2019,Emissions 2022,Emissions 2021,Emissions 2020,Emissions 2019,Total Esg,Environment Score,Social Score,Governance Score,Esg Performance
MMM,"$34,229,000,000","$35,355,000,000","$32,184,000,000","$32,136,000,000","6,640,426","6,858,870","6,243,696","6,234,384",33.61,12.33,13.56,7.72,Great
AOS,"$3,753,900,000","$3,538,900,000","$2,895,300,000","$2,992,700,000","728,257","686,547","561,688","580,584",25.43,7.29,11.87,6.27,Average
ABT,"$43,653,000,000","$43,075,000,000","$34,608,000,000","$31,904,000,000","305,571","301,525","242,256","223,328",24.98,3.03,13.59,8.36,Average
ABBV,"$58,054,000,000","$56,197,000,000","$45,804,000,000","$33,266,000,000","406,378","393,379","320,628","232,862",27.84,1.12,16.77,9.95,Average
ACN,"$64,111,745,000","$61,594,305,000","$50,533,389,000","$44,327,039,000","1,538,682","1,478,263","1,212,801","1,063,849",9.71,0.29,4.58,4.83,Bad
ADM,"$101,556,000,000","$85,249,000,000","$64,355,000,000","$64,656,000,000","9,140,040","7,672,410","5,791,950","5,819,040",36.4,18.23,13.16,5.01,Great
ADBE,"$17,606,000,000","$15,785,000,000","$12,868,000,000","$11,171,000,000","422,544","378,840","308,832","268,104",12.46,1.89,5.93,4.64,Bad
ADP,"$18,012,200,000","$16,498,300,000","$15,005,400,000","$14,589,800,000","432,293","395,959","360,130","350,155",13.97,1.07,6.96,5.94,Bad
AES,"$12,617,000,000","$11,141,000,000","$9,660,000,000","$10,189,000,000","33,233,178","29,345,394","25,444,440","26,837,826",34.15,16.48,11.2,6.47,Great
AFL,"$19,502,000,000","$22,106,000,000","$22,147,000,000","$22,307,000,000","370,538","420,014","420,793","423,833",17.3,0.47,7.26,9.57,Bad
A,"$6,848,000,000","$6,319,000,000","$5,339,000,000","$5,163,000,000","47,936","44,233","37,373","36,141",15.24,0.34,8.65,6.26,Bad
ABNB,"$8,399,000,000","$5,992,000,000","$3,378,000,000","$4,805,239,000","277,167","197,736","111,474","158,573",No fundamentals data found for any of the summaryTypes=esgScores,,,,
APD,"$12,698,600,000","$10,323,000,000","$8,856,300,000","$8,918,900,000","11,657,315","9,476,514","8,130,083","8,187,550",10.81,5.94,1.28,3.59,Bad
AKAM,"$3,616,654,000","$3,461,223,000","$3,198,149,000","$2,893,617,000","86,800","83,069","76,756","69,447",16.55,2.93,6.9,6.72,Bad
ALK,"$9,646,000,000","$6,176,000,000","$3,566,000,000","$8,781,000,000","1,871,324","1,198,144","691,804","1,703,514",No fundamentals data found for any of the summaryTypes=esgScores,,,,
ALB,"$7,320,104,000","$3,327,957,000","$3,128,909,000","$3,589,427,000","226,923","103,167","96,996","111,272",28.8,15.53,5.54,7.73,Average
ARE,"$2,589,607,000","$2,126,405,000","$1,893,785,000","$1,541,432,000","18,127","14,885","13,256","10,790",13.85,3.91,3.66,6.27,Bad
ALGN,"$3,734,635,000","$3,952,584,000","$2,471,941,000","$2,406,796,000","724,519","766,801","479,557","466,918",No fundamentals data found for any of the summaryTypes=esgScores,,,,
ALLE,"$3,271,900,000","$2,867,400,000","$2,719,900,000","$2,854,000,000","8,618,185","7,552,732","7,164,217","7,517,436",23.72,12.75,4.54,6.43,Average
LNT,"$4,205,000,000","$3,669,000,000","$3,416,000,000","$3,648,000,000","79,895","69,711","64,904","69,312",21.87,10.04,5.65,6.18,Average
ALL,"$51,412,000,000","$50,588,000,000","$41,909,000,000","$41,541,000,000","462,708","455,292","377,181","373,869",19.22,1.44,7.85,9.94,Bad
GOOGL,"$282,836,000,000","$257,637,000,000","$182,527,000,000","$161,857,000,000","2,545,524","2,318,733","1,642,743","1,456,713",24.14,1.66,11.1,11.39,Average
GOOG,"$282,836,000,000","$257,637,000,000","$182,527,000,000","$161,857,000,000","25,455,240","23,187,330","16,427,430","14,567,130",No fundamentals data found for any of the summaryTypes=esgScores,,,,
MO,"$20,688,000,000","$21,111,000,000","$20,841,000,000","$19,796,000,000","18,991,584","19,379,898","19,132,038","18,172,728",23.99,4.66,12.98,6.35,Average
AMZN,"$513,983,000,000","$469,822,000,000","$386,064,000,000","$280,522,000,000","12,335,592","11,275,728","9,265,536","6,732,528",30.28,5.59,14.8,9.89,Great
AMCR,"$14,694,000,000","$14,544,000,000","$12,861,000,000","$12,468,000,000","38,703,996","38,308,896","33,875,874","32,840,712",No fundamentals data found for any of the summaryTypes=esgScores,,,,
AMD,"$23,601,000,000","$16,434,000,000","$9,763,000,000","$6,731,000,000","4,578,594","3,188,196","1,894,022","1,305,814",No fundamentals data found for any of the summaryTypes=esgScores,,,,
AEE,"$7,662,000,000","$6,119,000,000","$5,540,000,000","$5,646,000,000","145,578","116,261","105,260","107,274",29.53,14.11,9.93,5.49,Average
AAL,"$48,971,000,000","$29,882,000,000","$17,337,000,000","$45,768,000,000","930,449","567,758","329,403","869,592",29.1,11.53,12.31,5.26,Average
AEP,"$19,639,500,000","$16,792,000,000","$14,918,500,000","$15,561,400,000","608,825","520,552","462,474","482,403",25.81,12.84,7.54,5.43,Average
AXP,"$50,680,000,000","$43,799,000,000","$31,357,000,000","$39,983,000,000","133,491,120","115,366,566","82,594,338","105,315,222",18.38,0.05,8.37,9.95,Bad
AIG,"$56,418,000,000","$52,049,000,000","$43,337,000,000","$49,317,000,000","1,071,942","988,931","823,403","937,023",25.32,1.87,9.67,13.79,Average
AMT,"$10,711,100,000","$9,356,900,000","$8,041,500,000","$7,580,300,000","2,077,953","1,815,239","1,560,051","1,470,578",10.94,2.36,3.56,5.02,Bad
AWK,"$3,792,000,000","$3,930,000,000","$3,777,000,000","$3,610,000,000","26,544","27,510","26,439","25,270",21.89,9.04,7.58,5.27,Average
AMP,"$14,347,000,000","$13,443,000,000","$11,958,000,000","$12,890,000,000","2,783,318","2,607,942","2,319,852","2,500,660",22.61,2.57,7.22,12.82,Average
AME,"$6,150,530,000","$5,546,514,000","$4,540,029,000","$5,158,557,000","147,613","133,116","108,961","123,805",24.08,8.65,8.51,6.92,Average
AMGN,"$26,323,000,000","$25,979,000,000","$25,424,000,000","$23,362,000,000","631,752","623,496","610,176","560,688",22.04,0.69,13.46,7.89,Average
APH,"$12,623,000,000","$10,876,300,000","$8,598,900,000","$8,225,400,000","239,837","206,650","163,379","156,283",21.35,8.04,5.49,7.81,Average
ADI,"$12,013,953,000","$7,318,286,000","$5,603,056,000","$5,991,065,000","6,859,967","4,178,741","3,199,345","3,420,898",23.78,10.13,7.74,5.9,Average
ANSS,"$2,065,553,000","$1,906,715,000","$1,681,297,000","$1,515,892,000","49,573","45,761","40,351","36,381",13.05,0.86,7.32,4.86,Bad
AON,"$12,479,000,000","$12,193,000,000","$11,066,000,000","$11,013,000,000","299,496","292,632","265,584","264,312",No fundamentals data found for any of the summaryTypes=esgScores,,,,
APA,"$10,960,000,000","$8,025,000,000","$4,393,000,000","$6,354,000,000","361,680","264,825","144,969","209,682",38.81,21.98,8.88,7.96,Great
AAPL,"$394,328,000,000","$365,817,000,000","$274,515,000,000","$260,174,000,000","7,492,232","6,950,523","5,215,785","4,943,306",16.68,0.65,6.86,9.18,Bad
AMAT,"$25,785,000,000","$23,063,000,000","$17,202,000,000","$14,608,000,000","618,840","553,512","412,848","350,592",11.56,3.84,2.62,5.1,Bad
APTV,"$17,489,000,000","$15,618,000,000","$13,066,000,000","$14,357,000,000","332,291","296,742","248,254","272,783",11.51,2.49,3.75,5.27,Bad
ACGL,"$9,614,808,000","$9,249,980,000","$8,508,509,000","$6,925,967,000","182,681","175,750","161,662","131,593",20.75,1.47,7.31,11.98,Average
ANET,"$4,381,310,000","$2,948,037,000","$2,317,512,000","$2,410,706,000","39,432","26,532","20,858","21,696",16.4,0.4,8.88,7.11,Bad
AJG,"$8,270,800,000","$7,974,400,000","$6,781,800,000","$6,894,200,000","21,785,287","21,004,570","17,863,261","18,159,323",21.28,0.11,10.7,10.47,Average
AIZ,"$10,193,000,000","$10,187,600,000","$9,597,600,000","$9,406,100,000","244,632","244,502","230,342","225,746",24.48,1.63,11.58,11.27,Average
T,"$120,741,000,000","$134,038,000,000","$143,050,000,000","$181,193,000,000","3,984,453","4,423,254","4,720,650","5,979,369",22.07,2.27,13.15,6.66,Average
ATO,"$4,201,662,000","$3,407,490,000","$2,821,137,000","$2,901,848,000","130,252","105,632","87,455","89,957",34.79,14.83,13.42,6.54,Great
ADSK,"$5,005,000,000","$4,386,000,000","$3,790,000,000","$3,274,300,000","4,594,590","4,026,348","3,479,220","3,005,807",16.05,3.41,8.19,4.44,Bad
AZO,"$17,457,209,000","$16,252,230,000","$14,629,585,000","$12,631,967,000","3,386,699","3,152,933","2,838,139","2,450,602",11.04,0.11,7.09,3.83,Bad
AVB,"$2,608,696,000","$2,310,130,000","$2,302,526,000","$2,327,490,000","1,489,565","1,319,084","1,314,742","1,328,997",10.53,2.95,3.02,4.56,Bad
AVY,"$9,039,300,000","$8,408,300,000","$6,971,500,000","$7,070,100,000","8,298,077","7,718,819","6,399,837","6,490,352",15.38,10.58,1.14,3.67,Bad
AXON,"$1,189,935,000","$863,381,000","$681,003,000","$530,860,000","22,609","16,404","12,939","10,086",No fundamentals data found for any of the summaryTypes=esgScores,,,,
BKR,"$21,156,000,000","$20,502,000,000","$20,705,000,000","$23,838,000,000","698,148","676,566","683,265","786,654",No fundamentals data found for any of the summaryTypes=esgScores,,,,
BALL,"$15,349,000,000","$13,811,000,000","$11,781,000,000","$11,474,000,000","107,443","96,677","82,467","80,318",10.81,5.92,1.11,3.79,Bad
BAC,"$92,407,000,000","$93,707,000,000","$74,208,000,000","$85,582,000,000","646,849","655,949","519,456","599,074",27.15,1.62,14.37,11.16,Average
BBWI,"$7,560,000,000","$7,882,000,000","$6,434,000,000","$5,405,000,000","143,640","149,758","122,246","102,695",15.5,2.59,8.43,4.48,Bad
BAX,"$15,113,000,000","$12,784,000,000","$11,673,000,000","$11,362,000,000","287,147","242,896","221,787","215,878",23.74,2.83,13.6,7.31,Average
BDX,"$18,870,000,000","$19,131,000,000","$16,074,000,000","$17,290,000,000","622,710","631,323","530,442","570,570",26.74,3.7,15.56,7.48,Average
WRB,"$11,166,499,000","$9,455,466,000","$8,098,925,000","$7,902,196,000","78,165","66,188","56,692","55,315",21.97,1.97,7.95,12.04,Average
BRK.B,#REF!,,,,#REF!,0,0,0,No fundamentals data found for any of the summaryTypes=esgScores,,,,
BBY,"$46,298,000,000","$51,761,000,000","$47,262,000,000","$43,638,000,000","324,086","362,327","330,834","305,466",14.15,2.22,7.19,4.75,Bad
BIO,"$2,802,249,000","$2,922,545,000","$2,545,626,000","$2,311,659,000","53,243","55,528","48,367","43,922",16.87,1.44,8.25,7.19,Bad
TECH,"$1,136,702,000","$1,105,599,000","$931,032,000","$738,691,000","21,597","21,006","17,690","14,035",No fundamentals data found for any of the summaryTypes=esgScores,,,,
BIIB,"$10,173,400,000","$10,981,700,000","$13,444,600,000","$14,377,900,000","193,295","208,652","255,447","273,180",21.05,0.02,13.22,7.81,Average
BLK,"$17,873,000,000","$19,374,000,000","$16,205,000,000","$14,539,000,000","3,467,362","3,758,556","3,143,770","2,820,566",20.57,1.49,9.61,9.48,Average
BX,"$8,015,891,000","$22,175,794,000","$6,188,907,000","$7,058,629,000","264,524","731,801","204,234","232,935",23.63,2.52,9.95,11.16,Average
BK,"$16,338,000,000","$16,162,000,000","$15,472,000,000","$16,487,000,000","539,154","533,346","510,576","544,071",21.48,1.13,9.17,11.18,Average
BA,"$66,608,000,000","$62,286,000,000","$58,158,000,000","$76,559,000,000","2,064,848","1,930,866","1,802,898","2,373,329",34.68,7.08,19.72,7.87,Great
BKNG,"$17,090,000,000","$10,958,000,000","$6,796,000,000","$15,066,000,000","119,630","76,706","47,572","105,462",22.33,2.02,12.48,7.83,Average
BWA,"$15,801,000,000","$14,838,000,000","$10,165,000,000","$10,168,000,000","110,607","103,866","71,155","71,176",12.78,2.86,4.21,5.71,Bad
BXP,"$3,090,580,000","$2,865,880,000","$2,737,804,000","$2,974,599,000","74,174","68,781","65,707","71,390",12.51,2.54,4.52,5.45,Bad
BSX,"$12,682,000,000","$11,888,000,000","$9,913,000,000","$10,735,000,000","304,368","285,312","237,912","257,640",26.33,3,12.69,10.63,Average
BMY,"$46,159,000,000","$46,385,000,000","$42,518,000,000","$26,145,000,000","877,021","881,315","807,842","496,755",22.83,0.34,14.93,7.56,Average
AVGO,"$33,203,000,000","$27,450,000,000","$23,888,000,000","$22,597,000,000","2,988,270","2,470,500","2,149,920","2,033,730",22.41,8.82,6.92,6.66,Average
BR,"$6,060,900,000","$5,709,100,000","$4,993,700,000","$4,529,000,000","545,481","513,819","449,433","407,610",16.21,0.82,9.01,6.38,Bad
BRO,"$3,566,900,000","$3,050,300,000","$2,610,600,000","$2,386,391,000","691,979","591,758","506,456","462,960",21.43,0.16,10.56,10.71,Average
BF.B,#REF!,,,,#REF!,0,0,0,No fundamentals data found for any of the summaryTypes=esgScores,,,,
BG,"$67,232,000,000","$59,152,000,000","$41,404,000,000","$41,140,000,000","2,218,656","1,952,016","1,366,332","1,357,620",34.09,15.25,13.57,5.27,Great
CHRW,"$24,696,625,000","$23,102,138,000","$16,207,106,000","$15,309,508,000","765,595","716,166","502,420","474,595",20.07,5.15,9.29,5.63,Average
CDNS,"$3,561,718,000","$2,988,244,000","$2,682,891,000","$2,336,319,000","320,555","268,942","241,460","210,269",12.19,1.41,6.06,4.72,Bad
CZR,"$10,821,000,000","$9,570,000,000","$3,628,000,000","$2,528,000,000","205,599","181,830","68,932","48,032",No fundamentals data found for any of the summaryTypes=esgScores,,,,
CPT,"$1,434,011,000","$1,165,117,000","$1,065,638,000","$1,048,830,000","10,038","8,156","7,459","7,342",15.94,4.47,4.13,7.34,Bad
CPB,"$9,357,000,000","$8,562,000,000","$8,476,000,000","$8,691,000,000","308,781","282,546","279,708","286,803",23.55,10.93,8.15,4.47,Average
COF,"$28,403,000,000","$32,379,000,000","$18,259,000,000","$22,357,000,000","937,299","1,068,507","602,547","737,781",22.62,0.07,13.33,9.22,Average
CAH,,"$181,364,000,000","$162,467,000,000","$152,922,000,000",0,"35,184,616","31,518,598","29,666,868",12.28,1.51,5.9,4.86,Bad
KMX,"$29,684,873,000","$33,197,212,000","$20,092,149,000","$21,424,087,000","207,794","232,380","140,645","149,969",12.1,0.09,8.02,3.99,Bad
CCL,"$12,169,000,000","$1,908,000,000","$5,594,000,000","$20,825,000,000","2,360,786","370,152","1,085,236","4,040,050",23.69,10.01,9.86,3.82,Average
CARR,"$20,421,000,000","$20,613,000,000","$17,456,000,000","$18,608,000,000","387,999","391,647","331,664","353,552",No fundamentals data found for any of the summaryTypes=esgScores,,,,
CTLT,"$4,276,000,000","$4,828,000,000","$3,998,000,000","$3,094,000,000","132,556","149,668","123,938","95,914",No fundamentals data found for any of the summaryTypes=esgScores,,,,
CAT,"$59,427,000,000","$50,971,000,000","$41,748,000,000","$53,800,000,000","1,426,248","1,223,304","1,001,952","1,291,200",34.18,7.18,18.52,8.47,Great
CBOE,"$3,958,500,000","$3,494,800,000","$3,427,100,000","$2,496,100,000","3,633,903","3,208,226","3,146,078","2,291,420",20.95,2.73,7.58,10.64,Average
CBRE,"$30,828,246,000","$27,746,036,000","$23,826,195,000","$23,894,091,000","215,798","194,222","166,783","167,259",6.84,1.27,2.4,3.17,Bad
CDW,"$23,748,700,000","$20,820,800,000","$18,467,500,000","$18,032,400,000","166,241","145,746","129,273","126,227",9.23,2.4,3.29,3.54,Bad
CE,"$9,673,000,000","$8,537,000,000","$5,655,000,000","$6,297,000,000","25,478,682","22,486,458","14,895,270","16,586,298",29.27,15.09,7.71,6.47,Average
COR,"$238,587,006,000","$213,988,843,000","$189,893,926,000","$179,589,121,000","5,726,088","5,135,732","4,557,454","4,310,139",No fundamentals data found for any of the summaryTypes=esgScores,,,,
CNC,"$135,999,000,000","$118,114,000,000","$104,280,000,000","$70,807,000,000","124,847,082","108,428,652","95,729,040","65,000,826",20.61,0.09,13.28,7.22,Average
CNP,"$9,321,000,000","$8,352,000,000","$7,418,000,000","$7,564,000,000","65,247","58,464","51,926","52,948",25.56,10.58,9.56,5.42,Average
CDAY,"$1,246,200,000","$1,024,200,000","$842,500,000","$824,100,000","23,678","19,460","16,008","15,658",No fundamentals data found for any of the summaryTypes=esgScores,,,,
CF,"$11,186,000,000","$6,538,000,000","$4,124,000,000","$4,590,000,000","100,674","58,842","37,116","41,310",30.03,16.82,7.73,5.49,Great
CRL,"$3,976,060,000","$3,540,160,000","$2,923,933,000","$2,621,226,000","2,270,330","2,021,431","1,669,566","1,496,720",No fundamentals data found for any of the summaryTypes=esgScores,,,,
SCHW,"$20,762,000,000","$18,520,000,000","$11,691,000,000","$10,721,000,000","685,146","611,160","385,803","353,793",24.01,2.08,10.14,11.79,Average
CHTR,"$54,022,000,000","$51,682,000,000","$48,097,000,000","$45,764,000,000","1,026,418","981,958","913,843","869,516",26.53,5.57,13.1,7.86,Average
CVX,"$235,916,000,000","$155,067,000,000","$94,005,000,000","$139,365,000,000","21,232,440","13,956,030","8,460,450","12,542,850",37.61,18.61,8.71,10.29,Great
CMG,"$8,634,652,000","$7,547,061,000","$5,984,634,000","$5,586,369,000","60,443","52,829","41,892","39,105",23.64,5.5,13.45,4.69,Average
CB,"$42,731,000,000","$40,607,000,000","$36,535,000,000","$34,230,000,000","811,889","771,533","694,165","650,370",23.85,1.67,11.59,10.58,Average
CHD,"$5,375,600,000","$5,190,100,000","$4,895,800,000","$4,357,700,000","1,042,866","1,006,879","949,785","845,394",19.79,6.53,6.63,6.62,Bad
CI,"$180,021,000,000","$174,274,000,000","$160,550,000,000","$153,743,000,000","4,320,504","4,182,576","3,853,200","3,689,832",11.65,0.02,5.99,5.65,Bad
CINF,"$6,557,000,000","$9,630,000,000","$7,536,000,000","$7,924,000,000","124,583","182,970","143,184","150,556",25.62,1.82,10.97,12.83,Average
CTAS,,"$7,854,459,000","$7,116,340,000","$7,085,120,000",0,"149,235","135,210","134,617",18.25,3.21,9.17,5.88,Bad
CSCO,"$56,998,000,000","$51,557,000,000","$49,818,000,000","$49,301,000,000","5,129,820","4,640,130","4,483,620","4,437,090",12.07,0.03,5.59,6.45,Bad
C,"$70,560,000,000","$74,990,000,000","$59,572,000,000","$66,849,000,000","1,340,640","1,424,810","1,131,868","1,270,131",26.68,1.75,13.11,11.82,Average
CFG,"$7,547,000,000","$7,058,000,000","$5,289,000,000","$6,098,000,000","19,878,798","18,590,772","13,931,226","16,062,132",23.46,1.96,10.15,11.35,Average
CLX,,"$7,107,000,000","$7,341,000,000","$6,721,000,000",0,"639,630","660,690","604,890",21.14,6.33,9.2,5.61,Average
CME,"$5,008,800,000","$4,564,200,000","$4,883,600,000","$4,868,000,000","120,211","109,541","117,206","116,832",14.59,2.13,6.21,6.24,Bad
CMS,"$8,596,000,000","$7,329,000,000","$6,418,000,000","$6,624,000,000","773,640","659,610","577,620","596,160",21.29,9.8,5.78,5.7,Average
KO,"$43,004,000,000","$38,655,000,000","$33,014,000,000","$37,266,000,000","387,036","347,895","297,126","335,394",22.56,7.88,9.72,4.95,Average
CTSH,"$19,428,000,000","$18,507,000,000","$16,652,000,000","$16,783,000,000","369,132","351,633","316,388","318,877",14.38,1.11,7.64,5.63,Bad
CL,"$17,967,000,000","$17,421,000,000","$16,471,000,000","$15,693,000,000","1,617,030","1,567,890","1,482,390","1,412,370",22.12,6.06,9.35,6.72,Average
CMCSA,"$121,427,000,000","$116,385,000,000","$103,564,000,000","$108,942,000,000","69,334,817","66,455,835","59,135,044","62,205,882",24.76,4.56,12.11,8.09,Average
CMA,"$3,474,000,000","$3,351,000,000","$2,375,000,000","$3,275,000,000","9,150,516","8,826,534","6,255,750","8,626,350",25.97,2.31,10.99,12.66,Average
CAG,,"$11,535,900,000","$11,184,700,000","$11,054,400,000",0,"1,038,231","1,006,623","994,896",31.73,10.96,15.89,4.88,Great
COP,"$80,575,000,000","$46,660,000,000","$19,216,000,000","$33,346,000,000","212,234,550","122,902,440","50,614,944","87,833,364",34.86,17.29,9.71,7.87,Great
ED,"$15,670,000,000","$13,676,000,000","$12,246,000,000","$12,574,000,000","109,690","95,732","85,722","88,018",23.09,7.46,9.34,6.29,Average
STZ,,"$8,820,700,000","$8,614,900,000","$8,343,500,000",0,"211,697","206,758","200,244",25.79,10.35,10.04,5.4,Average
CEG,"$24,440,000,000","$19,649,000,000","$17,603,000,000","$18,924,000,000","586,560","471,576","422,472","454,176",No fundamentals data found for any of the summaryTypes=esgScores,,,,
COO,"$3,308,400,000","$2,922,500,000","$2,430,900,000","$2,653,400,000","3,037,111","2,682,855","2,231,566","2,435,821",19.5,2.7,10.76,6.03,Bad
CPRT,"$3,869,518,000","$3,500,921,000","$2,692,511,000","$2,205,583,000","119,955","108,529","83,468","68,373",18.05,1.61,11.03,5.41,Bad
GLW,"$14,189,000,000","$14,082,000,000","$11,303,000,000","$11,503,000,000","1,277,010","1,267,380","1,017,270","1,035,270",19.42,7.3,5.24,6.87,Bad
CTVA,"$17,455,000,000","$15,655,000,000","$14,217,000,000","$13,846,000,000","9,966,805","8,939,005","8,117,907","7,906,066",No fundamentals data found for any of the summaryTypes=esgScores,,,,
CSGP,"$2,182,399,000","$1,944,135,000","$1,659,019,000","$1,399,719,000","67,654","60,268","51,430","43,391",26.94,5.45,13.12,8.38,Average
COST,"$242,290,000,000","$226,954,000,000","$195,929,000,000","$166,761,000,000","47,004,260","44,029,076","38,010,226","32,351,634",24.19,7.26,11.21,5.72,Average
CTRA,"$9,051,000,000","$3,449,000,000","$1,466,000,000","$1,985,000,000","1,755,894","669,106","284,404","385,090",46.02,24.13,13.11,8.78,Leader
CCI,"$6,986,000,000","$6,340,000,000","$5,840,000,000","$5,763,000,000","48,902","44,380","40,880","40,341",13.2,5.21,2.92,5.06,Bad
CSX,"$14,853,000,000","$12,522,000,000","$10,583,000,000","$11,937,000,000","490,149","413,226","349,239","393,921",20.09,7.45,9.19,3.44,Average
CMI,"$28,074,000,000","$24,021,000,000","$19,811,000,000","$23,571,000,000","196,518","168,147","138,677","164,997",19.36,5.8,7.5,6.06,Bad
CVS,"$321,629,000,000","$290,912,000,000","$267,908,000,000","$255,765,000,000","10,613,757","9,600,096","8,840,964","8,440,245",22.86,0.03,16.39,6.44,Average
DHI,"$33,480,000,000","$27,774,200,000","$20,311,100,000","$17,592,900,000","234,360","194,419","142,178","123,150",21.74,9.35,6.66,5.74,Average
DHR,"$31,471,000,000","$29,453,000,000","$22,284,000,000","$17,911,000,000","6,105,374","5,713,882","4,323,096","3,474,734",11.73,1.35,5.16,5.22,Bad
DRI,,"$9,630,000,000","$7,196,100,000","$7,806,900,000",0,"1,868,220","1,396,043","1,514,539",27.99,8.43,15,4.57,Average
DVA,"$11,609,894,000","$11,618,797,000","$11,550,604,000","$11,388,479,000","81,269","81,332","80,854","79,719",22.56,0.07,14.08,8.42,Average
DE,"$52,563,000,000","$43,983,000,000","$35,514,000,000","$39,233,000,000","30,013,473","25,114,293","20,278,494","22,402,043",16.64,3.19,6.9,6.55,Bad
DAL,"$50,582,000,000","$29,899,000,000","$17,095,000,000","$47,007,000,000","354,074","209,293","119,665","329,049",26.13,9.52,11.46,5.15,Average
XRAY,"$3,922,000,000","$4,231,000,000","$3,339,000,000","$4,022,000,000","2,239,462","2,415,901","1,906,569","2,296,562",15.78,2.21,6.86,6.71,Bad
DVN,"$18,873,000,000","$13,117,000,000","$4,673,000,000","$6,674,000,000","585,063","406,627","144,863","206,894",36.69,20.71,8.15,7.83,Great
DXCM,"$2,909,800,000","$2,448,500,000","$1,926,700,000","$1,476,000,000","55,286","46,522","36,607","28,044",23.7,5.39,10.24,8.08,Average
FANG,"$9,083,000,000","$6,398,000,000","$2,756,000,000","$3,951,000,000","81,747","57,582","24,804","35,559",No fundamentals data found for any of the summaryTypes=esgScores,,,,
DLR,"$4,678,337,000","$4,426,165,000","$3,845,980,000","$3,217,308,000","154,385","146,063","126,917","106,171",12.61,2.8,2.81,7,Bad
DFS,"$10,978,000,000","$11,869,000,000","$5,954,000,000","$8,228,000,000","362,274","391,677","196,482","271,524",22.57,0.13,11.87,10.58,Average
DIS,"$82,722,000,000","$67,418,000,000","$65,388,000,000","$69,607,000,000","217,889,748","177,579,012","172,231,992","183,344,838",14.88,0.06,7.92,6.9,Bad
DG,"$37,844,863,000","$34,220,449,000","$33,746,839,000","$27,753,973,000","1,248,880","1,129,275","1,113,646","915,881",17.36,3.27,8.56,5.53,Bad
DLTR,"$28,331,700,000","$26,321,200,000","$25,509,300,000","$23,610,800,000","5,496,350","5,106,313","4,948,804","4,580,495",14.87,3.4,7.41,4.06,Bad
D,"$17,174,000,000","$13,964,000,000","$14,172,000,000","$14,401,000,000","15,765,732","12,818,952","13,009,896","13,220,118",25.38,11.11,8.55,5.73,Average
DPZ,"$4,537,158,000","$4,357,373,000","$4,117,411,000","$3,618,774,000","11,950,874","11,477,320","10,845,261","9,531,851",31.02,7.73,16.68,6.62,Great
DOV,"$8,508,088,000","$7,907,081,000","$6,683,760,000","$7,136,397,000","22,410,304","20,827,251","17,605,024","18,797,270",25.27,7.12,12.38,5.77,Average
DOW,"$56,902,000,000","$54,968,000,000","$38,542,000,000","$42,951,000,000","52,236,036","50,460,624","35,381,556","39,429,018",No fundamentals data found for any of the summaryTypes=esgScores,,,,
DTE,"$19,228,000,000","$14,964,000,000","$11,423,000,000","$12,168,000,000","17,651,304","13,736,952","10,486,314","11,170,224",30.09,15.28,10.04,4.77,Great
DUK,"$28,319,000,000","$24,201,000,000","$22,951,000,000","$24,658,000,000","5,493,886","4,694,994","4,452,494","4,783,652",27.63,14.49,8.57,4.56,Average
DD,"$13,017,000,000","$12,566,000,000","$11,128,000,000","$15,436,000,000","429,561","414,678","367,224","509,388",28.95,13.44,8.12,7.39,Average
EMN,"$10,580,000,000","$10,476,000,000","$8,473,000,000","$9,273,000,000","9,712,440","9,616,968","7,778,214","8,512,614",24.6,11.98,5.42,7.2,Average
ETN,"$20,752,000,000","$19,628,000,000","$17,858,000,000","$21,390,000,000","54,660,768","51,700,152","47,037,972","56,341,260",17.85,5.37,6.76,5.72,Bad
EBAY,"$9,795,000,000","$10,420,000,000","$8,894,000,000","$7,429,000,000","68,565","72,940","62,258","52,003",17.11,0.93,9.33,6.84,Bad
ECL,"$14,187,800,000","$12,733,100,000","$11,790,200,000","$12,562,000,000","127,690","114,598","106,112","113,058",24.09,9.48,8.44,6.17,Average
EIX,"$17,220,000,000","$14,905,000,000","$13,578,000,000","$12,347,000,000","120,540","104,335","95,046","86,429",27.43,10.73,11.2,5.5,Average
EW,"$5,382,400,000","$5,232,500,000","$4,386,300,000","$4,348,000,000","37,677","36,628","30,704","30,436",19.33,2.86,8.85,7.63,Bad
EA,,"$6,991,000,000","$5,629,000,000","$5,537,000,000",0,"1,356,254","1,092,026","1,074,178",10.36,0.13,5.52,4.72,Bad
ELV,"$156,599,000,000","$138,643,000,000","$121,868,000,000","$104,212,000,000","3,758,376","3,327,432","2,924,832","2,501,088",11.48,0.03,5.76,5.69,Bad
LLY,"$28,541,400,000","$28,318,400,000","$24,539,800,000","$22,319,500,000","75,178,048","74,590,666","64,637,833","58,789,563",32.4,3.43,17.4,11.56,Great
EMR,"$19,629,000,000","$18,236,000,000","$16,785,000,000","$18,372,000,000","11,208,159","10,412,756","9,584,235","10,490,412",29.47,10.13,12.34,7,Average
ENPH,"$2,330,853,000","$1,382,049,000","$774,425,000","$624,333,000","55,940","33,169","18,586","14,984",No fundamentals data found for any of the summaryTypes=esgScores,,,,
ETR,"$13,764,237,000","$11,742,896,000","$10,113,636,000","$10,878,673,000","7,859,379","6,705,194","5,774,886","6,211,722",29.57,16.31,6.85,6.41,Average
EOG,"$29,610,000,000","$19,777,000,000","$9,934,000,000","$17,076,000,000","5,744,340","3,836,738","1,927,196","3,312,744",36.25,20.39,8.13,7.73,Great
EPAM,"$4,824,698,000","$3,758,144,000","$2,659,478,000","$2,293,798,000","149,566","116,502","82,444","71,108",No fundamentals data found for any of the summaryTypes=esgScores,,,,
EQT,"$11,996,159,000","$6,741,066,000","$2,612,253,000","$3,799,850,000","371,881","208,973","80,980","117,795",36.64,19.03,10.08,7.54,Great
EFX,"$5,122,200,000","$4,923,900,000","$4,127,500,000","$3,507,600,000","158,788","152,641","127,953","108,736",25.76,0.16,18.63,6.98,Average
EQIX,"$6,723,187,000","$6,260,026,000","$5,622,593,000","$5,159,222,000","605,087","563,402","506,033","464,330",11.79,2.63,3.51,5.65,Bad
EQR,"$2,735,180,000","$2,463,997,000","$2,571,705,000","$2,700,691,000","90,261","81,312","84,866","89,123",11.16,2.89,3.06,5.21,Bad
ESS,"$1,632,844,000","$1,552,277,000","$1,562,260,000","$1,583,791,000","31,024","29,493","29,683","30,092",12.33,3.5,2.69,6.13,Bad
EL,,"$17,737,000,000","$16,215,000,000","$14,294,000,000",0,"46,719,258","42,710,310","37,650,396",25.91,6.88,11.34,7.68,Average
ETSY,"$2,566,111,000","$2,329,114,000","$1,725,625,000","$818,379,000","6,759,136","6,134,886","4,545,296","2,155,610",No fundamentals data found for any of the summaryTypes=esgScores,,,,
EG,"$12,162,900,000","$11,830,300,000","$9,597,300,000","$8,236,629,000","32,037,079","31,161,010","25,279,288","21,695,281",No fundamentals data found for any of the summaryTypes=esgScores,,,,
EVRG,"$5,859,100,000","$5,586,700,000","$4,913,400,000","$5,147,800,000","193,350","184,361","162,142","169,877",No fundamentals data found for any of the summaryTypes=esgScores,,,,
ES,"$12,289,336,000","$9,863,085,000","$8,904,430,000","$8,526,470,000","2,384,131","1,913,438","1,727,459","1,654,135",18.73,4.8,8.16,5.77,Bad
EXC,"$19,078,000,000","$17,938,000,000","$16,663,000,000","$34,438,000,000","591,418","556,078","516,553","1,067,578",24.39,8.83,8.97,6.59,Average
EXPE,"$11,667,000,000","$8,598,000,000","$5,199,000,000","$12,067,000,000","6,661,857","4,909,458","2,968,629","6,890,257",25.7,2.11,13.79,9.81,Average
EXPD,"$17,071,284,000","$16,523,517,000","$9,584,393,000","$7,942,417,000","409,711","396,564","230,025","190,618",15.82,3.83,7.35,4.64,Bad
EXR,"$1,965,598,000","$1,609,720,000","$1,378,573,000","$1,319,728,000","37,346","30,585","26,193","25,075",14.08,3.81,4.28,5.99,Bad
XOM,"$402,217,000,000","$278,981,000,000","$179,784,000,000","$259,497,000,000","9,653,208","6,695,544","4,314,816","6,227,928",36.47,18.55,9.82,8.1,Great
FFIV,"$2,695,845,000","$2,603,416,000","$2,350,822,000","$2,242,447,000","522,994","505,063","456,059","435,035",19.18,1.26,12.49,5.42,Bad
FDS,"$2,085,508,000","$1,843,892,000","$1,591,445,000","$1,494,111,000","64,651","57,161","49,335","46,317",20.44,2.94,10.88,6.61,Average
FICO,"$1,377,270,000","$1,316,536,000","$1,294,562,000","$1,160,083,000","267,190","255,408","251,145","225,056",No fundamentals data found for any of the summaryTypes=esgScores,,,,
FAST,"$6,980,600,000","$6,010,900,000","$5,647,300,000","$5,333,700,000","132,631","114,207","107,299","101,340",26.4,10.69,8.66,7.05,Average
FRT,"$1,079,548,000","$952,469,000","$827,432,000","$933,776,000","209,432","184,779","160,522","181,153",12.42,2.27,4.34,5.82,Bad
FDX,"$90,155,000,000","$93,512,000,000","$83,959,000,000","$69,217,000,000","237,468,270","246,310,608","221,148,006","182,317,578",20.45,5.29,9.32,5.84,Average
FITB,"$7,823,000,000","$8,297,000,000","$6,552,000,000","$7,893,000,000","187,752","199,128","157,248","189,432",17.44,1.41,8.68,7.36,Bad
FSLR,"$2,619,319,000","$2,923,377,000","$2,711,332,000","$3,063,117,000","62,864","70,161","65,072","73,515",No fundamentals data found for any of the summaryTypes=esgScores,,,,
FE,"$12,268,000,000","$10,943,000,000","$10,607,000,000","$10,844,000,000","294,432","262,632","254,568","260,256",29.51,12.96,9.72,6.84,Average
FIS,"$14,528,000,000","$13,877,000,000","$12,552,000,000","$10,333,000,000","13,336,704","12,739,086","11,522,736","9,485,694",18.08,1.27,11.14,5.68,Bad
FI,"$17,737,000,000","$16,226,000,000","$14,852,000,000","$10,187,000,000","585,321","535,458","490,116","336,171",No fundamentals data found for any of the summaryTypes=esgScores,,,,
FLT,"$3,427,129,000","$2,833,736,000","$2,388,855,000","$2,648,848,000","82,251","68,010","57,333","63,572",18.11,2.88,9.08,6.16,Bad
FMC,"$5,802,300,000","$5,045,200,000","$4,642,100,000","$4,609,800,000","1,125,646","978,769","900,567","894,301",32.74,16.18,9.09,7.47,Great
F,"$158,057,000,000","$136,341,000,000","$127,144,000,000","$155,900,000,000","1,422,513","1,227,069","1,144,296","1,403,100",29.95,9.27,11.34,9.35,Average
FTNT,"$4,417,400,000","$3,342,200,000","$2,594,400,000","$2,163,000,000","39,757","30,080","23,350","19,467",19.13,1.23,12.19,5.71,Bad
FTV,"$5,825,700,000","$5,254,700,000","$4,634,400,000","$4,563,900,000","110,688","99,839","88,054","86,714",34.76,16.09,13.97,4.7,Great
FOXA,"$14,913,000,000","$13,974,000,000","$12,909,000,000","$12,303,000,000","13,690,134","12,828,132","11,850,462","11,294,154",No fundamentals data found for any of the summaryTypes=esgScores,,,,
FOX,"$14,913,000,000","$13,974,000,000","$12,909,000,000","$12,303,000,000","492,129","461,142","425,997","405,999",No fundamentals data found for any of the summaryTypes=esgScores,,,,
BEN,"$8,275,300,000","$8,425,500,000","$5,566,500,000","$5,669,400,000","198,607","202,212","133,596","136,066",18.18,1.12,9.88,7.18,Bad
FCX,"$22,780,000,000","$22,845,000,000","$14,198,000,000","$14,402,000,000","159,460","159,915","99,386","100,814",31.94,16.56,10.15,5.22,Great
GRMN,"$4,860,286,000","$4,982,795,000","$4,186,573,000","$3,757,505,000","116,647","119,587","100,478","90,180",18.54,5.4,7.86,5.28,Bad
IT,"$5,475,846,000","$4,733,962,000","$4,099,403,000","$4,245,321,000","1,062,314","918,389","795,284","823,592",21.78,0.13,15.44,6.2,Average
GEHC,"$18,341,000,000","$17,585,000,000","$17,164,000,000","$16,633,000,000","3,558,154","3,411,490","3,329,816","3,226,802",No fundamentals data found for any of the summaryTypes=esgScores,,,,
GEN,,"$2,796,000,000","$2,551,000,000","$2,490,000,000",0,"542,424","494,894","483,060",14.98,0.7,9.47,4.81,Bad
GNRC,"$4,564,737,000","$3,737,184,000","$2,485,200,000","$2,204,336,000","410,826","336,347","223,668","198,390",No fundamentals data found for any of the summaryTypes=esgScores,,,,
GD,#ERROR!,,,,#ERROR!,0,0,0,34.88,8.48,19.52,6.87,Great
GE,"$76,555,000,000","$74,196,000,000","$75,833,000,000","$90,221,000,000","2,526,315","2,448,468","2,502,489","2,977,293",40.71,14.09,15.04,11.58,Leader
GIS,"$20,094,200,000","$18,992,800,000","$18,127,000,000","$17,626,600,000","140,659","132,950","126,889","123,386",21.51,8.45,8.94,4.13,Average
GM,"$156,735,000,000","$127,004,000,000","$122,485,000,000","$137,237,000,000","2,977,965","2,413,076","2,327,215","2,607,503",30.89,10.28,12.92,7.69,Great
GPC,"$22,095,973,000","$18,870,510,000","$16,537,433,000","$17,522,234,000","530,303","452,892","396,898","420,534",12.62,3.62,5.23,3.78,Bad
GILD,"$27,281,000,000","$27,305,000,000","$24,689,000,000","$22,449,000,000","518,339","518,795","469,091","426,531",22.08,0.03,14.04,8.01,Average
GL,"$5,214,906,000","$5,112,869,000","$4,737,921,000","$4,527,532,000","2,977,711","2,919,448","2,705,353","2,585,221",20.25,1.58,8.16,10.51,Average
GPN,"$8,975,515,000","$8,523,762,000","$7,423,558,000","$4,911,892,000","170,535","161,951","141,048","93,326",19.03,1.25,10.98,6.8,Bad
GS,"$44,650,000,000","$58,982,000,000","$41,462,000,000","$35,481,000,000","1,473,450","1,946,406","1,368,246","1,170,873",26.16,1.25,12.67,12.24,Average
HAL,"$20,297,000,000","$15,295,000,000","$14,445,000,000","$22,408,000,000","142,079","107,065","101,115","156,856",23.8,8.89,8.59,6.32,Average
HIG,"$22,356,000,000","$22,349,000,000","$20,494,000,000","$20,736,000,000","693,036","692,819","635,314","642,816",16.17,1.5,5.99,8.67,Bad
HAS,"$5,856,700,000","$6,420,400,000","$5,465,400,000","$4,720,200,000","40,997","44,943","38,258","33,041",7.11,0.04,2.88,4.2,Bad
HCA,"$60,233,000,000","$58,752,000,000","$51,533,000,000","$51,336,000,000","5,420,970","5,287,680","4,637,970","4,620,240",28.24,3.5,17.34,7.4,Average
PEAK,"$2,061,178,000","$1,896,184,000","$1,644,875,000","$1,240,339,000","1,176,933","1,082,721","939,224","708,234",9.73,3.01,2.22,4.49,Bad
HSIC,"$12,647,000,000","$12,401,000,000","$10,119,000,000","$9,985,803,000","303,528","297,624","242,856","239,659",13.37,2.14,5.59,5.64,Bad
HSY,"$10,419,294,000","$8,971,337,000","$8,149,719,000","$7,986,252,000","343,837","296,054","268,941","263,546",27.43,11.3,10.89,5.24,Average
HES,"$11,069,000,000","$7,301,000,000","$4,543,000,000","$6,311,000,000","77,483","51,107","31,801","44,177",36.05,22.11,7.2,6.75,Great
HPE,"$28,496,000,000","$27,784,000,000","$26,982,000,000","$29,135,000,000","940,368","916,872","890,406","961,455",11.94,0.76,4.92,6.25,Bad
HLT,"$3,736,000,000","$2,444,000,000","$1,600,000,000","$3,766,000,000","724,784","474,136","310,400","730,604",17.44,7,6.77,3.67,Bad
HOLX,"$4,862,800,000","$5,632,300,000","$3,776,400,000","$3,367,300,000","437,652","506,907","339,876","303,057",28.24,4.79,13.27,10.18,Average
HD,"$157,403,000,000","$151,157,000,000","$132,110,000,000","$110,225,000,000","4,879,493","4,685,867","4,095,410","3,416,975",12.54,3.4,5.51,3.63,Bad
HON,"$35,466,000,000","$34,392,000,000","$32,637,000,000","$36,709,000,000","6,880,404","6,672,048","6,331,578","7,121,546",29.31,10.58,10.19,8.54,Average
HRL,"$12,458,806,000","$11,386,189,000","$9,608,462,000","$9,497,317,000","299,011","273,269","230,603","227,936",29.91,13.23,10.68,6,Average
HST,"$4,910,000,000","$2,921,000,000","$1,590,000,000","$5,483,000,000","952,540","566,674","308,460","1,063,702",13.94,3.25,5.64,5.05,Bad
HWM,"$5,663,000,000","$4,972,000,000","$5,259,000,000","$7,098,000,000","39,641","34,804","36,813","49,686",No fundamentals data found for any of the summaryTypes=esgScores,,,,
HPQ,"$62,983,000,000","$63,487,000,000","$56,639,000,000","$58,756,000,000","1,196,677","1,206,253","1,076,141","1,116,364",10.93,0.11,5,5.82,Bad
HUBB,"$4,947,900,000","$4,194,100,000","$3,682,500,000","$3,946,600,000","959,893","813,655","714,405","765,640",25.29,9.56,10.53,5.2,Average
HUM,"$92,870,000,000","$84,193,000,000","$77,155,000,000","$64,888,000,000","2,228,880","2,020,632","1,851,720","1,557,312",22.37,0.01,16.43,5.94,Average
HBAN,"$6,956,000,000","$5,958,000,000","$3,763,000,000","$4,376,000,000","1,349,464","1,155,852","730,022","848,944",20.38,1.96,10.79,7.63,Average
HII,"$10,676,000,000","$9,524,000,000","$9,361,000,000","$8,899,000,000","74,732","66,668","65,527","62,293",No fundamentals data found for any of the summaryTypes=esgScores,,,,
IBM,"$60,530,000,000","$57,351,000,000","$55,179,000,000","$57,714,000,000","11,742,820","11,126,094","10,704,726","11,196,516",14.77,0.47,6.67,7.64,Bad
IEX,"$3,181,900,000","$2,764,800,000","$2,351,600,000","$2,494,600,000","22,273","19,354","16,461","17,462",26.82,8.1,13,5.72,Average
IDXX,"$3,367,324,000","$3,215,360,000","$2,706,655,000","$2,406,908,000","23,571","22,508","18,947","16,848",19.45,3.3,7.1,9.05,Bad
ITW,"$15,932,000,000","$14,455,000,000","$12,574,000,000","$14,109,000,000","3,090,808","2,804,270","2,439,356","2,737,146",19.6,4.31,9.07,6.22,Bad
ILMN,"$4,584,000,000","$4,526,000,000","$3,239,000,000","$3,543,000,000","32,088","31,682","22,673","24,801",10.9,0.98,3.72,6.21,Bad
INCY,"$3,394,635,000","$2,986,267,000","$2,666,702,000","$2,158,759,000","81,471","71,670","64,001","51,810",24.12,1.45,15.55,7.11,Average
IR,"$5,916,300,000","$5,152,400,000","$3,973,200,000","$2,017,500,000","112,410","97,896","75,491","38,333",No fundamentals data found for any of the summaryTypes=esgScores,,,,
PODD,"$1,305,300,000","$1,098,800,000","$904,400,000","$738,200,000","1,198,265","1,008,698","830,239","677,668",No fundamentals data found for any of the summaryTypes=esgScores,,,,
INTC,"$63,054,000,000","$79,024,000,000","$77,867,000,000","$71,965,000,000","57,883,572","72,544,032","71,481,906","66,063,870",17.26,4.36,5.94,6.96,Bad
ICE,"$7,292,000,000","$7,146,000,000","$6,036,000,000","$5,202,000,000","65,628","64,314","54,324","46,818",16.34,1.68,7.98,6.68,Bad
IFF,"$12,440,000,000","$11,656,000,000","$5,084,000,000","$5,140,000,000","298,560","279,744","122,016","123,360",22.31,10.39,5.42,6.5,Average
IP,"$21,161,000,000","$19,363,000,000","$17,565,000,000","$18,317,000,000","148,127","135,541","122,955","128,219",23.71,14.26,4.5,4.95,Average
IPG,"$10,927,800,000","$10,240,700,000","$9,061,000,000","$8,625,100,000","207,628","194,573","172,159","163,877",10.43,0.04,5.11,5.28,Bad
INTU,"$14,368,000,000","$12,726,000,000","$9,633,000,000","$7,679,000,000","445,408","394,506","298,623","238,049",16.2,0.97,10.52,4.7,Bad
ISRG,"$6,222,200,000","$5,710,100,000","$4,358,400,000","$4,478,500,000","43,555","39,971","30,509","31,350",23.74,4.37,9.78,9.6,Average
IVZ,"$6,048,900,000","$6,894,500,000","$6,145,600,000","$6,117,400,000","187,516","213,730","190,514","189,639",20.33,0.7,9.87,9.76,Average
INVH,"$2,228,515,000","$1,995,069,000","$1,822,828,000","$1,764,685,000","432,332","387,043","353,629","342,349",No fundamentals data found for any of the summaryTypes=esgScores,,,,
IQV,"$14,410,000,000","$13,874,000,000","$11,359,000,000","$11,088,000,000","345,840","332,976","272,616","266,112",19.14,1.3,10.62,7.22,Bad
IRM,"$5,103,574,000","$4,491,531,000","$4,147,270,000","$4,262,584,000","990,093","871,357","804,570","826,941",14.74,5,3.74,6,Bad
JBHT,"$14,813,999,000","$12,168,302,000","$9,636,573,000","$9,165,258,000","103,698","85,178","67,456","64,157",13.86,3,6.01,4.86,Bad
JKHY,"$2,077,702,000","$1,942,884,000","$1,758,225,000","$1,697,067,000","403,074","376,919","341,096","329,231",15.45,0.78,9.45,5.22,Bad
J,"$14,922,825,000","$14,092,632,000","$13,566,975,000","$12,737,868,000","283,534","267,760","257,773","242,019",22.37,5.29,11.46,5.62,Average
JNJ,"$94,943,000,000","$93,775,000,000","$82,584,000,000","$82,059,000,000","2,278,632","2,250,600","1,982,016","1,969,416",25.08,0.74,15.79,8.55,Average
JCI,"$25,299,000,000","$23,668,000,000","$22,317,000,000","$23,968,000,000","177,093","165,676","156,219","167,776",Service invoked too many times for one day: urlfetch. https://www.webdatahub.com/optimize,,,,
JPM,"$122,306,000,000","$130,898,000,000","$102,471,000,000","$110,134,000,000","856,142","916,286","717,297","770,938",29.02,1.11,16.18,11.73,Average
JNPR,"$5,301,200,000","$4,735,400,000","$4,445,100,000","$4,445,400,000","477,108","426,186","400,059","400,086",16.59,1.66,8.52,6.41,Bad
K,"$15,315,000,000","$14,181,000,000","$13,770,000,000","$13,578,000,000","290,985","269,439","261,630","257,982",26.84,7.4,14.87,4.58,Average
KVUE,"$14,950,000,000","$15,054,000,000","$14,467,000,000","$14,324,000,000","358,800","361,296","347,208","343,776",No fundamentals data found for any of the summaryTypes=esgScores,,,,
KDP,"$14,057,000,000","$12,683,000,000","$11,618,000,000","$11,120,000,000","1,265,130","1,141,470","1,045,620","1,000,800",No fundamentals data found for any of the summaryTypes=esgScores,,,,
KEY,"$6,743,000,000","$7,683,000,000","$5,665,000,000","$6,062,000,000","209,033","238,173","175,615","187,922",23.14,1.89,11.08,10.17,Average
KEYS,"$5,420,000,000","$4,941,000,000","$4,221,000,000","$4,303,000,000","3,094,820","2,821,311","2,410,191","2,457,013",9.31,2.03,2.24,5.04,Bad
KMB,"$20,175,000,000","$19,440,000,000","$19,140,000,000","$18,450,000,000","484,200","466,560","459,360","442,800",22.05,8.05,7.77,6.23,Average
KIM,"$1,727,684,000","$1,364,585,000","$1,057,893,000","$1,158,884,000","155,492","122,813","95,210","104,300",12.14,3.7,2.91,5.53,Bad
KMI,"$19,200,000,000","$16,610,000,000","$11,700,000,000","$13,209,000,000","1,728,000","1,494,900","1,053,000","1,188,810",18.55,7.75,7.32,3.48,Bad
KLAC,,"$9,211,883,000","$6,918,734,000","$5,806,424,000",0,"1,787,105","1,342,234","1,126,446",16.79,7.13,4.76,4.91,Bad
KHC,"$26,485,000,000","$26,042,000,000","$26,185,000,000","$24,977,000,000","185,395","182,294","183,295","174,839",35.3,14.38,14.29,6.63,Great
KR,"$148,258,000,000",,,"$122,286,000,000","3,558,192",0,0,"2,934,864",21.39,6.51,9.43,5.46,Average
LHX,"$17,062,000,000","$17,814,000,000","$18,194,000,000","$18,526,000,000","1,535,580","1,603,260","1,637,460","1,667,340",No fundamentals data found for any of the summaryTypes=esgScores,,,,
LH,"$14,876,800,000","$16,120,900,000","$13,978,500,000","$11,554,800,000","490,934","531,990","461,291","381,308",18.81,0.13,11.55,7.13,Bad
LRCX,,"$17,227,039,000","$14,626,150,000","$10,044,736,000",0,"413,449","351,028","241,074",13.45,4.5,3.97,4.98,Bad
LW,,"$4,098,900,000","$3,670,900,000","$3,792,400,000",0,"135,264","121,140","125,149",No fundamentals data found for any of the summaryTypes=esgScores,,,,
LVS,"$4,110,000,000","$4,234,000,000","$2,940,000,000","$12,127,000,000","3,772,980","3,886,812","2,698,920","11,132,586",17.69,1.28,7.76,8.65,Bad
LDOS,"$14,396,000,000","$13,737,000,000","$12,297,000,000","$11,094,000,000","475,068","453,321","405,801","366,102",11.67,1.29,4.99,5.39,Bad
LEN,"$33,671,010,000","$27,130,676,000","$22,488,854,000","$22,259,561,000","1,111,143","895,312","742,132","734,566",23.11,8.89,8.77,5.47,Average
LIN,"$33,364,000,000","$30,793,000,000","$27,243,000,000","$28,228,000,000","6,472,616","5,973,842","5,285,142","5,476,232",No fundamentals data found for any of the summaryTypes=esgScores,,,,
LYV,"$16,681,254,000","$6,268,447,000","$1,861,178,000","$11,547,969,000","316,944","119,100","35,362","219,411",No fundamentals data found for any of the summaryTypes=esgScores,,,,
LKQ,"$12,794,000,000","$13,089,000,000","$11,629,000,000","$12,506,109,000","422,202","431,937","383,757","412,702",10.54,3.27,4,3.27,Bad
LMT,"$65,984,000,000","$67,044,000,000","$65,398,000,000","$59,812,000,000","2,177,472","2,212,452","2,158,134","1,973,796",28.36,5.27,15.9,7.2,Average
L,"$14,044,000,000","$14,657,000,000","$12,583,000,000","$14,931,000,000","12,892,392","13,455,126","11,551,194","13,706,658",16.48,0.59,4.25,11.63,Bad
LOW,"$97,059,000,000","$96,250,000,000","$89,597,000,000","$72,148,000,000","1,844,121","1,828,750","1,702,343","1,370,812",11.49,3.7,4.63,3.15,Bad
LULU,"$8,110,518,000","$6,256,617,000","$4,401,879,000","$3,979,296,000","4,631,106","3,572,528","2,513,473","2,272,178",16.94,1.58,9.86,5.5,Bad
LYB,"$50,451,000,000","$46,173,000,000","$27,753,000,000","$34,727,000,000","28,807,521","26,364,783","15,846,963","19,829,117",24.59,16.64,2.13,5.82,Average
MTB,"$7,661,559,000","$6,066,772,000","$5,154,761,000","$5,967,943,000","145,570","115,269","97,940","113,391",26.16,2.2,12.77,11.19,Average
MRO,"$7,575,000,000","$5,616,000,000","$3,122,000,000","$5,125,000,000","249,975","185,328","103,026","169,125",42.01,23.91,10.14,7.96,Leader
MPC,"$178,236,000,000","$120,451,000,000","$69,896,000,000","$111,275,000,000","3,386,484","2,288,569","1,328,024","2,114,225",28.7,15.91,7.01,5.79,Average
MKTX,"$718,300,000","$698,951,000","$689,125,000","$511,352,000","659,399","641,637","632,617","469,421",No fundamentals data found for any of the summaryTypes=esgScores,,,,
MAR,"$5,356,000,000","$3,415,000,000","$2,119,000,000","$5,373,000,000","1,039,064","662,510","411,086","1,042,362",21.89,8.75,9.05,4.09,Average
MMC,"$20,720,000,000","$19,820,000,000","$17,224,000,000","$16,652,000,000","497,280","475,680","413,376","399,648",19.45,0.06,7.9,11.49,Bad
MLM,"$5,730,500,000","$5,084,700,000","$4,432,100,000","$4,422,300,000","51,575","45,762","39,889","39,801",31.82,18.55,4.53,8.74,Great
MAS,"$8,680,000,000","$8,375,000,000","$7,188,000,000","$6,707,000,000","781,200","753,750","646,920","603,630",22.44,9.44,5.8,7.21,Average
MA,"$22,237,000,000","$18,884,000,000","$15,301,000,000","$16,883,000,000","733,821","623,172","504,933","557,139",16.98,0.32,8.1,8.57,Bad
MTCH,"$3,188,843,000","$2,983,277,000","$2,391,269,000","$2,051,258,000","22,322","20,883","16,739","14,359",No fundamentals data found for any of the summaryTypes=esgScores,,,,
MKC,"$6,350,500,000","$6,317,900,000","$5,601,300,000","$5,347,400,000","44,454","44,225","39,209","37,432",26.58,10.07,11.3,5.21,Average
MCD,"$23,182,600,000","$23,222,900,000","$19,207,800,000","$21,364,400,000","162,278","162,560","134,455","149,551",24.79,4.18,14.3,6.32,Average
MCK,"$276,711,000,000","$263,966,000,000","$238,228,000,000","$231,051,000,000","2,490,399","2,375,694","2,144,052","2,079,459",15.17,2.29,7.37,5.52,Bad
MDT,,"$31,686,000,000","$30,117,000,000","$28,913,000,000",0,"602,034","572,223","549,347",22.66,2.39,12.63,7.63,Average
MRK,"$59,283,000,000","$48,704,000,000","$41,518,000,000","$39,121,000,000","414,981","340,928","290,626","273,847",21.84,0.79,11.47,9.57,Average
META,"$116,609,000,000","$117,929,000,000","$85,965,000,000","$70,697,000,000","3,848,097","3,891,657","2,836,845","2,333,001",32.54,1.02,21.01,10.51,Great
MET,"$69,898,000,000","$71,080,000,000","$67,842,000,000","$69,620,000,000","1,677,552","1,705,920","1,628,208","1,670,880",14.95,0.73,4.82,9.41,Bad
MTD,"$3,919,709,000","$3,717,930,000","$3,085,177,000","$3,008,652,000","94,073","89,230","74,044","72,208",13.32,1,7.41,4.91,Bad
MGM,"$13,081,792,000","$9,454,057,000","$4,917,133,000","$12,462,785,000","313,963","226,897","118,011","299,107",25.49,2,12.97,10.53,Average
MCHP,,"$6,820,900,000","$5,438,400,000","$5,274,200,000",0,"211,448","168,590","163,500",30.98,14.83,8.75,7.4,Great
MU,"$15,540,000,000","$30,758,000,000","$27,705,000,000","$21,435,000,000","108,780","215,306","193,935","150,045",17.44,6.6,5.07,5.77,Bad
MSFT,,"$198,270,000,000","$168,088,000,000","$143,015,000,000",0,"6,542,910","5,546,904","4,719,495",15.24,1.53,8.39,5.33,Bad
MAA,"$2,019,866,000","$1,778,082,000","$1,677,984,000","$1,641,017,000","14,139","12,447","11,746","11,487",14.64,5.5,3.74,5.4,Bad
MRNA,"$19,263,000,000","$18,471,000,000","$803,000,000","$60,000,000","1,733,670","1,662,390","72,270","5,400",No fundamentals data found for any of the summaryTypes=esgScores,,,,
MHK,"$11,737,065,000","$11,200,613,000","$9,552,197,000","$9,970,672,000","1,056,336","1,008,055","859,698","897,360",14.17,5.61,4.19,4.36,Bad
MOH,"$31,101,000,000","$26,984,000,000","$18,375,000,000","$16,340,000,000","746,424","647,616","441,000","392,160",No fundamentals data found for any of the summaryTypes=esgScores,,,,
TAP,"$10,701,000,000","$10,279,700,000","$9,654,000,000","$10,579,400,000","963,090","925,173","868,860","952,146",21.21,6.96,8.67,5.57,Average
MDLZ,"$31,496,000,000","$28,720,000,000","$26,581,000,000","$25,868,000,000","598,424","545,680","505,039","491,492",23.78,9.46,9.08,5.18,Average
MPWR,"$1,794,148,000","$1,207,798,000","$844,452,000","$627,921,000","34,089","22,948","16,045","11,930",No fundamentals data found for any of the summaryTypes=esgScores,,,,
MNST,"$6,311,050,000","$5,541,352,000","$4,598,638,000","$4,200,819,000","5,793,544","5,086,961","4,221,550","3,856,352",28.03,12.43,10.58,5.03,Average
MCO,"$5,468,000,000","$6,218,000,000","$5,371,000,000","$4,829,000,000","131,232","149,232","128,904","115,896",10.5,0.02,5.23,5.25,Bad
MS,"$53,388,000,000","$59,751,000,000","$47,996,000,000","$41,377,000,000","1,014,372","1,135,269","911,924","786,163",22.22,0.72,11.76,9.73,Average
MOS,"$19,125,200,000","$12,357,400,000","$8,681,700,000","$8,906,300,000","363,379","234,791","164,952","169,220",34.06,14.35,11.05,8.66,Great
MSI,"$9,112,000,000","$8,171,000,000","$7,414,000,000","$7,887,000,000","218,688","196,104","177,936","189,288",14.31,2.21,6.7,5.39,Bad
MSCI,"$2,248,598,000","$2,043,544,000","$1,695,390,000","$1,557,796,000","20,237","18,392","15,259","14,020",16.01,1.65,6.77,7.59,Bad
NDAQ,"$6,226,000,000","$5,886,000,000","$5,625,000,000","$4,258,000,000","5,715,468","5,403,348","5,163,750","3,908,844",11.65,1.81,4.56,5.28,Bad
NTAP,#ERROR!,,,,#ERROR!,0,0,0,15.49,2.58,6.93,5.98,Bad
NFLX,"$31,615,550,000","$29,697,844,000","$24,996,056,000","$20,156,447,000","284,540","267,281","224,965","181,408",16.25,0.09,6.83,9.34,Bad
NEM,"$11,915,000,000","$12,222,000,000","$11,497,000,000","$9,740,000,000","31,384,110","32,192,748","30,283,098","25,655,160",20.33,6.92,8.24,5.16,Average
NWSA,"$9,879,000,000","$10,385,000,000","$9,358,000,000","$9,008,000,000","326,007","342,705","308,814","297,264",11.61,0.02,4.58,7.02,Bad
NWS,"$9,879,000,000","$10,385,000,000","$9,358,000,000","$9,008,000,000","26,021,286","27,354,090","24,648,972","23,727,072",No fundamentals data found for any of the summaryTypes=esgScores,,,,
NEE,"$20,956,000,000","$17,069,000,000","$17,997,000,000","$19,204,000,000","4,065,464","3,311,386","3,491,418","3,725,576",27.53,14.05,7.64,5.83,Average
NKE,,"$46,710,000,000","$44,538,000,000","$37,403,000,000",0,"9,061,740","8,640,372","7,256,182",16.95,3.04,6.99,6.92,Bad
NI,"$5,850,600,000","$4,899,600,000","$4,681,700,000","$5,208,900,000","111,161","93,092","88,952","98,969",29.51,14.08,10.25,5.18,Average
NDSN,"$2,590,278,000","$2,362,209,000","$2,121,100,000","$2,194,226,000","502,514","458,269","411,493","425,680",26.66,9.26,11.8,5.59,Average
NSC,"$12,745,000,000","$11,142,000,000","$9,789,000,000","$11,296,000,000","420,585","367,686","323,037","372,768",22.73,8.05,11.36,3.32,Average
NTRS,"$6,749,200,000","$6,546,000,000","$5,975,800,000","$6,087,600,000","17,777,393","17,242,164","15,740,257","16,034,738",23.86,1.87,11.83,10.17,Average
NOC,"$36,602,000,000","$35,667,000,000","$36,799,000,000","$33,841,000,000","33,600,636","32,742,306","33,781,482","31,066,038",27.4,7.47,14.87,5.05,Average
NCLH,"$4,843,760,000","$647,986,000","$1,279,908,000","$6,462,376,000","116,250","15,552","30,718","155,097",26.22,11.98,10.12,4.12,Average
NRG,"$31,543,000,000","$26,989,000,000","$9,093,000,000","$9,821,000,000","1,040,919","890,637","300,069","324,093",32.16,17.08,9.42,5.67,Great
NUE,"$41,512,467,000","$36,483,939,000","$20,139,658,000","$22,588,858,000","996,299","875,615","483,352","542,133",31.94,9.66,13.33,8.95,Great
NVDA,"$26,974,000,000","$26,914,000,000","$16,675,000,000","$10,918,000,000","890,142","888,162","550,275","360,294",13.45,2.26,5.16,6.03,Bad
NVR,"$10,575,325,000","$8,966,309,000","$7,562,791,000","$7,425,585,000","6,038,511","5,119,762","4,318,354","4,240,009",20.33,7.21,7.82,5.3,Average
NXPI,"$13,205,000,000","$11,063,000,000","$8,612,000,000","$8,877,000,000","2,561,770","2,146,222","1,670,728","1,722,138",21.6,8.67,7.39,5.55,Average
ORLY,"$14,409,860,000","$13,327,563,000","$11,604,493,000","$10,149,985,000","129,689","119,948","104,440","91,350",13.03,0.16,8.89,3.98,Bad
OXY,"$36,634,000,000","$25,956,000,000","$17,809,000,000","$20,911,000,000","879,216","622,944","427,416","501,864",43.23,24.61,12.04,6.59,Leader
ODFL,"$6,260,077,000","$5,256,328,000","$4,015,129,000","$4,109,111,000","3,574,504","3,001,363","2,292,639","2,346,302",No fundamentals data found for any of the summaryTypes=esgScores,,,,
OMC,"$14,289,100,000","$14,289,400,000","$13,171,100,000","$14,953,700,000","342,938","342,946","316,106","358,889",16.3,0.09,9.33,6.88,Bad
ON,"$8,326,200,000","$6,739,800,000","$5,255,000,000","$5,517,900,000","1,615,283","1,307,521","1,019,470","1,070,473",26.59,14.8,6.36,5.42,Average
OKE,"$22,386,892,000","$16,540,309,000","$8,542,242,000","$10,164,367,000","4,343,057","3,208,820","1,657,195","1,971,887",26.1,11.78,11.01,3.31,Average
ORCL,"$49,954,000,000","$42,440,000,000","$40,479,000,000","$39,068,000,000","45,857,772","38,959,920","37,159,722","35,864,424",13.92,0.52,7.71,5.69,Bad
OTIS,"$13,685,000,000","$14,298,000,000","$12,756,000,000","$13,118,000,000","328,440","343,152","306,144","314,832",No fundamentals data found for any of the summaryTypes=esgScores,,,,
PCAR,"$28,819,700,000","$23,522,300,000","$18,728,500,000","$25,599,700,000","259,377","211,701","168,557","230,397",27.77,8.36,10.99,8.42,Average
PKG,"$8,478,000,000","$7,730,300,000","$6,658,200,000","$6,964,300,000","1,644,732","1,499,678","1,291,691","1,351,074",16.75,11.65,1.35,3.76,Bad
PANW,,"$5,501,500,000","$4,256,100,000","$3,408,400,000",0,"132,036","102,146","81,802",13.92,0.7,7.62,5.6,Bad
PARA,"$30,154,000,000","$28,586,000,000","$25,285,000,000","$26,998,000,000","723,696","686,064","606,840","647,952",No fundamentals data found for any of the summaryTypes=esgScores,,,,
PH,"$19,065,194,000","$15,861,608,000","$14,347,640,000","$13,695,520,000","457,565","380,679","344,343","328,692",29.13,9.2,13.68,6.24,Average
PAYX,,"$4,611,700,000","$4,056,800,000","$4,040,500,000",0,"894,670","787,019","783,857",17.48,1.17,9.81,6.51,Bad
PAYC,"$1,375,218,000","$1,055,524,000","$841,434,000","$737,671,000","123,770","94,997","75,729","66,390",No fundamentals data found for any of the summaryTypes=esgScores,,,,
PYPL,"$27,518,000,000","$25,371,000,000","$21,454,000,000","$17,772,000,000","192,626","177,597","150,178","124,404",15.99,0.71,9.92,5.36,Bad
PNR,"$4,121,800,000","$3,764,800,000","$3,017,800,000","$2,957,200,000","10,856,821","9,916,483","7,948,885","7,789,265",22.74,6.66,10.01,6.07,Average
PEP,"$86,392,000,000","$79,474,000,000","$70,372,000,000","$67,161,000,000","7,775,280","7,152,660","6,333,480","6,044,490",15.94,4.91,6.55,4.48,Bad
PFE,"$100,330,000,000","$81,288,000,000","$41,651,000,000","$40,905,000,000","57,288,430","46,415,448","23,782,721","23,356,755",25.34,2.83,12.85,9.66,Average
PCG,"$21,680,000,000","$20,642,000,000","$18,469,000,000","$17,129,000,000","57,105,120","54,371,028","48,647,346","45,117,786",35.26,8.41,20.65,6.2,Great
PM,"$31,762,000,000","$31,405,000,000","$28,694,000,000","$29,805,000,000","18,136,102","17,932,255","16,384,274","17,018,655",23.79,3.57,10.73,9.49,Average
PSX,"$169,990,000,000","$111,476,000,000","$64,129,000,000","$107,293,000,000","3,229,810","2,118,044","1,218,451","2,038,567",29.35,16.39,7,5.96,Average
PNW,"$4,324,385,000","$3,803,835,000","$3,586,982,000","$3,471,209,000","142,705","125,527","118,370","114,550",31.06,14.86,10.23,5.97,Great
PXD,"$24,384,000,000","$17,870,000,000","$7,024,000,000","$9,676,000,000","22,384,512","16,404,660","6,448,032","8,882,568",36.74,18.67,8.97,9.1,Great
PNC,"$20,643,000,000","$19,990,000,000","$13,726,000,000","$16,066,000,000","54,373,662","52,653,660","36,154,284","42,317,844",22.34,1.73,11.75,8.86,Average
POOL,"$6,179,727,000","$5,295,584,000","$3,936,623,000","$3,199,517,000","117,415","100,616","74,796","60,791",No fundamentals data found for any of the summaryTypes=esgScores,,,,
PPG,"$17,652,000,000","$16,802,000,000","$13,834,000,000","$15,146,000,000","1,588,680","1,512,180","1,245,060","1,363,140",24.33,9.32,7.69,7.32,Average
PPL,"$7,902,000,000","$5,783,000,000","$5,474,000,000","$5,602,000,000","150,138","109,877","104,006","106,438",33.84,19.71,8.31,5.81,Great
PFG,"$17,491,600,000","$14,262,700,000","$14,741,700,000","$16,222,100,000","542,240","442,144","456,993","502,885",17.22,0.68,6.65,9.88,Bad
PG,"$82,006,000,000","$80,187,000,000","$76,118,000,000","$70,950,000,000","1,558,114","1,523,553","1,446,242","1,348,050",26.61,9.54,9.6,7.47,Average
PGR,"$49,586,400,000","$47,676,500,000","$42,638,100,000","$38,997,700,000","130,610,578","125,579,901","112,308,755","102,719,942",20.87,1.67,8.36,10.85,Average
PLD,"$6,284,564,000","$5,163,695,000","$4,736,105,000","$3,530,799,000","150,830","123,929","113,667","84,739",8.51,2.5,1.74,4.27,Bad
PRU,"$58,378,000,000","$70,871,000,000","$57,091,000,000","$64,807,000,000","1,809,718","2,197,001","1,769,821","2,009,017",16.21,1.03,6.57,8.6,Bad
PEG,"$9,800,000,000","$9,722,000,000","$9,603,000,000","$10,076,000,000","323,400","320,826","316,899","332,508",26.31,11.56,9.28,5.46,Average
PTC,"$1,933,347,000","$1,807,159,000","$1,458,415,000","$1,255,631,000","46,400","43,372","35,002","30,135",18.93,4.92,8.61,5.4,Bad
PSA,"$4,240,044,000","$3,498,917,000","$2,995,565,000","$2,924,655,000","822,569","678,790","581,140","567,383",12.3,4.51,2.55,5.24,Bad
PHM,"$16,228,995,000","$13,926,882,000","$11,036,082,000","$10,212,957,000","389,496","334,245","264,866","245,111",20.87,8.73,7.28,4.86,Average
QRVO,"$3,569,399,000","$4,645,714,000","$4,015,307,000","$3,239,141,000","24,986","32,520","28,107","22,674",29.08,13.12,8.5,7.46,Average
PWR,"$17,073,903,000","$12,980,213,000","$11,202,672,000","$12,112,153,000","563,439","428,347","369,688","399,701",37.18,12.4,15.73,9.05,Great
QCOM,"$44,200,000,000","$33,566,000,000","$23,531,000,000","$24,273,000,000","839,800","637,754","447,089","461,187",16.59,4.83,4.05,7.71,Bad
DGX,"$9,883,000,000","$10,788,000,000","$9,437,000,000","$7,726,000,000","1,917,302","2,092,872","1,830,778","1,498,844",20.98,0.13,12.67,8.18,Average
RL,,"$6,218,500,000","$4,400,800,000","$6,159,800,000",0,"192,774","136,425","190,954",13.21,1.14,6.79,5.28,Bad
RJF,"$10,801,000,000","$9,813,000,000","$7,757,000,000","$7,693,000,000","334,831","304,203","240,467","238,483",23.99,1.18,10.38,12.43,Average
RTX,"$67,074,000,000","$64,388,000,000","$56,587,000,000","$45,349,000,000","469,518","450,716","396,109","317,443",No fundamentals data found for any of the summaryTypes=esgScores,,,,
O,"$3,337,233,000","$2,081,569,000","$1,647,087,000","$1,488,163,000","63,407","39,550","31,295","28,275",15.47,4.41,5.32,5.74,Bad
REG,"$1,271,098,000","$1,203,867,000","$1,047,931,000","$1,164,672,000","246,593","233,550","203,299","225,946",10.88,3.56,2.86,4.45,Bad
REGN,"$12,172,900,000","$16,071,700,000","$8,497,100,000","$6,557,600,000","85,210","112,502","59,480","45,903",18.15,0.38,10.75,7.03,Bad
RF,"$6,944,000,000","$6,962,000,000","$4,957,000,000","$5,473,000,000","48,608","48,734","34,699","38,311",16.08,1.6,7.03,7.44,Bad
RSG,"$13,511,300,000","$11,295,000,000","$10,153,600,000","$10,299,400,000","2,621,192","2,191,230","1,969,798","1,998,084",20.98,11.3,6.02,3.66,Average
RMD,"$4,222,993,000","$3,578,127,000","$3,196,825,000","$2,957,013,000","819,261","694,157","620,184","573,661",26.41,3.36,12.41,10.63,Average
RVTY,"$3,311,822,000","$3,827,808,000","$2,663,230,000","$2,883,673,000","642,493","742,595","516,667","559,433",No fundamentals data found for any of the summaryTypes=esgScores,,,,
RHI,"$7,238,142,000","$6,461,444,000","$5,109,000,000","$6,074,432,000","1,404,200","1,253,520","991,146","1,178,440",10.93,0.1,7.37,3.46,Bad
ROK,"$7,760,400,000","$6,997,400,000","$6,329,800,000","$6,694,800,000","256,093","230,914","208,883","220,928",17.67,5.37,6.64,5.65,Bad
ROL,"$2,695,823,000","$2,424,300,000","$2,161,220,000","$2,015,477,000","88,962","80,002","71,320","66,511",20.28,1.76,11.18,7.34,Average
ROP,"$5,371,800,000","$4,833,800,000","$4,022,400,000","$4,727,700,000","102,064","91,842","76,426","89,826",22.9,4.62,12.71,5.56,Average
ROST,"$18,695,829,000","$18,916,244,000","$12,531,565,000","$16,039,073,000","448,700","453,990","300,758","384,938",15.93,1.8,8.45,5.68,Bad
RCL,"$8,840,540,000","$1,532,133,000","$2,208,805,000","$10,950,661,000","274,057","47,496","68,473","339,470",20.97,9.14,8.04,3.79,Average
SPGI,"$11,181,000,000","$8,297,000,000","$7,442,000,000","$6,699,000,000","6,384,351","4,737,587","4,249,382","3,825,129",14.31,,6.16,8.15,Bad
CRM,"$31,352,000,000","$26,492,000,000","$21,252,000,000","$17,098,000,000","752,448","635,808","510,048","410,352",13.18,2.34,6.39,4.46,Bad
SBAC,"$2,633,454,000","$2,308,834,000","$2,083,138,000","$2,014,645,000","2,417,511","2,119,510","1,912,321","1,849,444",11.58,3.11,3.23,5.23,Bad
SLB,"$28,091,000,000","$22,929,000,000","$23,601,000,000","$32,917,000,000","73,991,694","60,394,986","62,165,034","86,703,378",21.93,7.41,8.76,5.76,Average
STX,,"$11,661,000,000","$10,681,000,000","$10,509,000,000",0,"279,864","256,344","252,216",10.66,1.59,3.8,5.26,Bad
SEE,"$5,641,900,000","$5,533,800,000","$4,903,200,000","$4,791,100,000","5,179,264","5,080,028","4,501,138","4,398,230",20.57,15.83,1.52,3.23,Average
SRE,"$14,439,000,000","$12,857,000,000","$11,370,000,000","$10,829,000,000","447,609","398,567","352,470","335,699",24.72,12.09,7.14,5.5,Average
NOW,"$7,245,000,000","$5,896,000,000","$4,519,000,000","$3,460,000,000","173,880","141,504","108,456","83,040",16.05,1.41,8.39,6.26,Bad
SHW,"$22,148,900,000","$19,944,600,000","$18,361,700,000","$17,900,800,000","1,993,401","1,795,014","1,652,553","1,611,072",28.63,12.93,8.99,6.72,Average
SPG,"$5,291,447,000","$5,114,689,000","$4,602,303,000","$5,670,989,000","1,026,541","992,250","892,847","1,100,172",14.21,3.83,3.99,6.38,Bad
SWKS,"$5,485,500,000","$5,109,100,000","$3,355,700,000","$3,376,800,000","1,064,187","991,165","651,006","655,099",27.76,11.63,8.93,7.21,Average
SJM,"$8,529,200,000","$7,998,900,000","$8,002,700,000","$7,801,000,000","22,465,913","21,069,103","21,079,112","20,547,834",30.97,12.36,12.44,6.16,Great
SNA,"$4,842,500,000","$4,601,700,000","$3,942,200,000","$4,067,700,000","939,445","892,730","764,787","789,134",30.83,9.33,13.91,7.59,Great
SEDG,"$3,110,279,000","$1,963,865,000","$1,459,271,000","$1,425,660,000","603,394","380,990","283,099","276,578",No fundamentals data found for any of the summaryTypes=esgScores,,,,
SO,"$29,279,000,000","$23,113,000,000","$20,375,000,000","$21,419,000,000","966,207","762,729","672,375","706,827",33.09,14.79,11,7.3,Great
LUV,"$23,814,000,000","$15,790,000,000","$9,048,000,000","$22,428,000,000","452,466","300,010","171,912","426,132",32.39,11.29,14.89,6.21,Great
SWK,"$16,947,400,000","$15,281,300,000","$12,750,000,000","$12,912,900,000","15,557,713","14,028,233","11,704,500","11,854,042",25.93,5.83,12.51,7.59,Average
SBUX,"$32,250,300,000","$29,060,600,000","$23,518,000,000","$26,508,600,000","225,752","203,424","164,626","185,560",24.83,6.11,14.5,4.21,Average
STT,"$12,128,000,000","$12,060,000,000","$11,615,000,000","$11,746,000,000","84,896","84,420","81,305","82,222",22.27,1.96,11.2,9.11,Average
STLD,"$22,260,774,000","$18,408,850,000","$9,601,482,000","$10,464,991,000","422,955","349,768","182,428","198,835",32.39,9.82,14.36,8.21,Great
STE,,"$4,585,064,000","$3,107,519,000","$3,030,895,000",0,"110,042","74,580","72,741",No fundamentals data found for any of the summaryTypes=esgScores,,,,
SYK,"$18,449,000,000","$17,108,000,000","$14,351,000,000","$14,884,000,000","1,660,410","1,539,720","1,291,590","1,339,560",28.52,3.72,13.96,10.84,Average
SYF,"$8,299,000,000","$9,466,000,000","$5,852,000,000","$9,132,000,000","74,691","85,194","52,668","82,188",17.22,0.13,9.89,7.19,Bad
SNPS,"$5,081,542,000","$4,204,193,000","$3,685,281,000","$3,360,694,000","96,549","79,880","70,020","63,853",13.45,3.18,6.2,4.07,Bad
SYY,,"$68,636,146,000","$51,297,843,000","$52,893,310,000",0,"617,725","461,681","476,040",12.06,2.79,4.7,4.57,Bad
TMUS,"$79,571,000,000","$80,118,000,000","$68,397,000,000","$44,998,000,000","2,625,843","2,643,894","2,257,101","1,484,934",26.07,5.03,13.35,7.69,Average
TROW,"$6,488,400,000","$7,671,900,000","$6,206,700,000","$5,617,900,000","3,704,876","4,380,655","3,544,026","3,207,821",17.05,2.36,9.3,5.39,Bad
TTWO,,"$3,504,800,000","$3,372,772,000","$3,088,970,000",0,"115,658","111,301","101,936",No fundamentals data found for any of the summaryTypes=esgScores,,,,
TPR,,"$6,684,500,000","$5,746,300,000","$4,961,400,000",0,"1,296,793","1,114,782","962,512",13.33,1.23,7.2,4.91,Bad
TRGP,"$20,929,800,000","$16,949,800,000","$8,260,300,000","$8,671,100,000","4,060,381","3,288,261","1,602,498","1,682,193",33.98,15.33,14.52,4.13,Great
TGT,"$109,120,000,000","$106,005,000,000","$93,561,000,000","$78,112,000,000","763,840","742,035","654,927","546,784",14.72,2.04,7.63,5.06,Bad
TEL,"$16,281,000,000","$14,923,000,000","$12,172,000,000","$13,448,000,000","390,744","358,152","292,128","322,752",15.93,6.42,4.87,4.64,Bad
TDY,"$5,458,600,000","$4,614,300,000","$3,086,200,000","$3,163,600,000","180,134","152,272","101,845","104,399",No fundamentals data found for any of the summaryTypes=esgScores,,,,
TFX,"$2,791,041,000","$2,809,563,000","$2,537,156,000","$2,595,362,000","66,985","67,430","60,892","62,289",29.63,4.83,16.12,8.67,Average
TER,"$3,155,045,000","$3,702,881,000","$3,121,469,000","$2,294,965,000","612,079","718,359","605,565","445,223",15.86,6.27,4.95,4.64,Bad
TSLA,"$81,462,000,000","$53,823,000,000","$31,536,000,000","$24,578,000,000","570,234","376,761","220,752","172,046",28.54,2.78,16.16,9.61,Average
TXN,"$20,028,000,000","$18,344,000,000","$14,461,000,000","$14,383,000,000","660,924","605,352","477,213","474,639",19.93,8.84,5.06,6.03,Bad
TXT,"$12,869,000,000","$12,382,000,000","$11,651,000,000","$13,630,000,000","424,677","408,606","384,483","449,790",33.81,11.05,16.23,6.53,Great
TMO,"$44,915,000,000","$39,211,000,000","$32,218,000,000","$25,542,000,000","8,713,510","7,606,934","6,250,292","4,955,148",13.52,1.47,5.6,6.46,Bad
TJX,"$49,936,000,000","$48,549,982,000","$32,136,962,000","$41,716,977,000","9,687,584","9,418,697","6,234,571","8,093,094",14.43,1.89,7.42,5.12,Bad
TSCO,"$14,204,717,000","$12,731,105,000","$10,620,352,000","$8,351,931,000","269,890","241,891","201,787","158,687",13.96,3.04,6.78,4.14,Bad
TT,"$15,991,700,000","$14,136,400,000","$12,454,700,000","$13,075,900,000","383,801","339,274","298,913","313,822",16.12,7.11,3.84,5.16,Bad
TDG,"$5,429,000,000","$4,798,000,000","$5,103,000,000","$5,223,000,000","103,151","91,162","96,957","99,237",39.09,12.84,17.85,8.4,Great
TRV,"$36,884,000,000","$34,816,000,000","$31,981,000,000","$31,581,000,000","885,216","835,584","767,544","757,944",20.52,0.99,9.45,10.08,Average
TRMB,"$3,676,300,000","$3,659,100,000","$3,147,700,000","$3,264,300,000","330,867","329,319","283,293","293,787",12.98,3.17,3.72,6.09,Bad
TFC,"$22,258,000,000","$23,109,000,000","$20,370,000,000","$11,953,000,000","422,902","439,071","387,030","227,107",No fundamentals data found for any of the summaryTypes=esgScores,,,,
TYL,"$1,850,204,000","$1,592,287,000","$1,116,663,000","$1,086,427,000","57,356","49,361","34,617","33,679",No fundamentals data found for any of the summaryTypes=esgScores,,,,
TSN,"$53,282,000,000","$47,049,000,000","$43,185,000,000","$42,405,000,000","1,758,306","1,552,617","1,425,105","1,399,365",36.67,14.31,12.39,9.97,Great
USB,"$22,142,000,000","$23,762,000,000","$19,242,000,000","$21,140,000,000","4,295,548","4,609,828","3,732,948","4,101,160",30.05,1.71,15.85,12.49,Great
UDR,"$1,522,333,000","$1,356,413,000","$1,260,009,000","$1,290,066,000","295,333","263,144","244,442","250,273",12.36,3.15,4,5.21,Bad
ULTA,"$10,208,580,000","$8,630,889,000","$6,151,953,000","$7,398,068,000","1,980,465","1,674,392","1,193,479","1,435,225",15.33,3.83,7.2,4.29,Bad
UNP,"$24,875,000,000","$21,804,000,000","$19,533,000,000","$21,708,000,000","4,825,750","4,229,976","3,789,402","4,211,352",25.26,9.43,12.14,3.69,Average
UAL,"$44,955,000,000","$24,634,000,000","$15,355,000,000","$43,259,000,000","314,685","172,438","107,485","302,813",28.81,10.9,12.95,4.96,Average
UPS,"$100,338,000,000","$97,287,000,000","$84,628,000,000","$74,094,000,000","702,366","681,009","592,396","518,658",19.5,4.58,9.55,5.38,Bad
URI,"$11,642,000,000","$9,716,000,000","$8,530,000,000","$9,351,000,000","6,647,582","5,547,836","4,870,630","5,339,421",18.45,5.89,6.57,5.99,Bad
UNH,"$324,162,000,000","$287,597,000,000","$257,141,000,000","$242,155,000,000","10,049,022","8,915,507","7,971,371","7,506,805",17.54,0.03,11.62,5.89,Bad
UHS,"$13,399,370,000","$12,642,117,000","$11,558,897,000","$11,378,259,000","93,796","88,495","80,912","79,648",32.98,3.7,20.68,8.6,Great
VLO,"$171,189,000,000","$108,332,000,000","$60,115,000,000","$102,729,000,000","4,108,536","2,599,968","1,442,760","2,465,496",30.05,18.18,7.23,4.65,Great
VTR,"$4,116,258,000","$3,818,181,000","$3,789,592,000","$3,859,312,000","798,554","740,727","735,181","748,707",12.75,2.75,4.28,5.73,Bad
VLTO,"$4,870,000,000","$4,700,000,000","$4,348,000,000",,"43,830","42,300","39,132",0,No fundamentals data found for any of the summaryTypes=esgScores,,,,
VRSN,"$1,424,900,000","$1,327,600,000","$1,265,100,000","$1,231,661,000","9,974","9,293","8,856","8,622",21.44,4.74,10.77,5.93,Average
VRSK,"$2,497,000,000","$2,462,500,000","$2,269,400,000","$2,607,100,000","82,401","81,263","74,890","86,034",19.3,0.11,13.5,5.7,Bad
VZ,"$136,835,000,000","$133,613,000,000","$128,292,000,000","$131,868,000,000","957,845","935,291","898,044","923,076",18.48,3.88,8.92,5.69,Bad
VRTX,"$8,930,700,000","$7,574,400,000","$6,205,700,000","$4,162,800,000","276,852","234,806","192,377","129,047",22.82,0.75,15.4,6.67,Average
VFC,,"$11,841,840,000","$9,238,830,000","$10,488,556,000",0,"284,204","221,732","251,725",12.89,0.9,6.91,5.07,Bad
VTRS,"$16,262,700,000","$17,886,300,000","$11,946,000,000","$11,500,500,000","14,929,159","16,419,623","10,966,428","10,557,459",No fundamentals data found for any of the summaryTypes=esgScores,,,,
VICI,"$2,660,466,000","$1,509,568,000","$1,225,574,000","$894,798,000","516,130","292,856","237,761","173,591",No fundamentals data found for any of the summaryTypes=esgScores,,,,
V,"$29,310,000,000","$24,105,000,000","$21,846,000,000","$22,977,000,000","2,637,900","2,169,450","1,966,140","2,067,930",16.07,0.71,7.84,7.52,Bad
VMC,"$7,315,200,000","$5,552,200,000","$4,856,800,000","$4,929,100,000","658,368","499,698","437,112","443,619",29.02,15.61,4.56,8.85,Average
WAB,"$8,362,000,000","$7,822,000,000","$7,556,000,000","$8,200,000,000","75,258","70,398","68,004","73,800",23.25,4.52,11.69,7.04,Average
WBA,"$139,081,000,000","$132,703,000,000","$132,509,000,000","$121,982,000,000","26,981,714","25,744,382","25,706,746","23,664,508",18.29,2.03,11.52,4.73,Bad
WMT,"$611,289,000,000","$572,754,000,000","$559,151,000,000","$523,964,000,000","4,279,023","4,009,278","3,914,057","3,667,748",24.63,4.4,13.92,6.31,Average
WEC,"$9,597,400,000","$8,316,000,000","$7,241,700,000","$7,523,100,000","25,279,552","21,904,344","19,074,638","19,815,845",27.36,14.68,7.4,5.27,Average
WFC,"$72,247,000,000","$82,606,000,000","$60,172,000,000","$84,227,000,000","1,372,693","1,569,514","1,143,268","1,600,313",32.84,1.94,15.4,15.51,Great
WELL,"$5,801,994,000","$4,737,473,000","$4,602,953,000","$5,121,306,000","179,862","146,862","142,692","158,760",12.01,3.87,3.22,4.92,Bad
WST,"$2,886,900,000","$2,831,600,000","$2,146,900,000","$1,839,900,000","20,208","19,821","15,028","12,879",No fundamentals data found for any of the summaryTypes=esgScores,,,,
WDC,,"$18,793,000,000","$16,922,000,000","$16,736,000,000",0,"451,032","406,128","401,664",11.43,1.48,3.91,6.05,Bad
WRK,"$21,256,500,000","$18,746,100,000","$17,578,800,000","$18,289,000,000","19,513,467","17,208,920","16,137,338","16,789,302",No fundamentals data found for any of the summaryTypes=esgScores,,,,
WY,"$10,184,000,000","$10,201,000,000","$7,532,000,000","$6,554,000,000","315,704","316,231","233,492","203,174",17.56,10.48,3.29,3.78,Bad
WHR,"$19,724,000,000","$21,985,000,000","$19,456,000,000","$20,419,000,000","650,892","725,505","642,048","673,827",15.8,4.76,7.08,3.96,Bad
WMB,"$11,352,000,000","$10,775,000,000","$7,724,000,000","$8,199,000,000","6,481,992","6,152,525","4,410,404","4,681,629",23.5,9.98,10.43,3.08,Average
WTW,"$8,866,000,000","$8,998,000,000","$8,615,000,000","$8,370,000,000","168,454","170,962","163,685","159,030",18.61,0.13,8.68,9.79,Bad
GWW,"$15,228,000,000","$13,022,000,000","$11,797,000,000","$11,486,000,000","2,954,232","2,526,268","2,288,618","2,228,284",14.6,3.41,5.48,5.72,Bad
WYNN,"$3,756,825,000","$3,763,664,000","$2,095,861,000","$6,611,099,000","123,975","124,201","69,163","218,166",26.49,3.55,11.98,10.96,Average
XEL,"$15,310,000,000","$13,431,000,000","$11,526,000,000","$11,529,000,000","40,326,540","35,377,254","30,359,484","30,367,386",23.8,12.87,6.75,4.18,Average
XYL,"$5,522,000,000","$5,195,000,000","$4,876,000,000","$5,249,000,000","1,071,268","1,007,830","945,944","1,018,306",16.04,3.56,7.4,5.08,Bad
YUM,"$6,842,000,000","$6,584,000,000","$5,652,000,000","$5,597,000,000","225,786","217,272","186,516","184,701",20.55,4.46,11.65,4.44,Average
ZBRA,"$5,781,000,000","$5,627,000,000","$4,448,000,000","$4,485,000,000","138,744","135,048","106,752","107,640",No fundamentals data found for any of the summaryTypes=esgScores,,,,
ZBH,"$6,939,900,000","$6,827,300,000","$6,127,500,000","$7,982,200,000","48,579","47,791","42,893","55,875",27.3,4.46,14.6,8.24,Average
ZION,"$3,030,000,000","$3,187,000,000","$2,376,000,000","2,795,000,000","57,570","60,553","45,144","53,105",No fundamentals data found for any of the summaryTypes=esgScores,,,,
ZTS,"$8,080,000,000","$7,776,000,000","$6,675,000,000","6,260,000,000","56,560","54,432","46,725","43,820",18.47,1.38,8.15,8.95,Bad